<?xml version="1.0" encoding="utf-8"?>
<Users>
    <user>
        <username>smartioengr</username>
        <password>Admin123</password>
        <level>255</level>
    </user>
    <user>
        <username>User</username>
        <password>123456</password>
        <level>100</level>
    </user>
    <user>
        <username>mngr</username>
        <password>mngr0</password>
        <level>255</level>
    </user>
    <user>
        <username>engr</username>
        <password>123456</password>
        <level>180</level>
    </user>
    <user>
        <username>Supv</username>
        <password>123456</password>
        <level>150</level>
    </user>
    <user>
        <username>Oper</username>
        <password>123456</password>
        <level>90</level>
    </user>
</Users>
