<?xml version="1.0" encoding="utf-8"?>
<Users>
    <user>
        <username>smartioengr</username>
        <password>Admin123</password>
        <level>255</level>
    </user>
    <user>
        <username>User</username>
        <password>123456</password>
        <level>100</level>
    </user>
    <user>
        <username>mngr</username>
        <password>mngr0</password>
        <level>255</level>
    </user>
    <user>
        <username>engr</username>
        <password>123456</password>
        <level>180</level>
    </user>
    <user>
        <username>Supv</username>
        <password>123456</password>
        <level>150</level>
    </user>
    <user>
        <username>Oper</username>
        <password>123456</password>
        <level>90</level>
    </user>
    <user>
        <username>aaa</username>
        <password>123456</password>
        <level>90</level>
    </user>

    <user>
        <username>ccc</username>
        <password>bbb</password>
        <level>100</level>
    </user>
<user><username>11111</username><password>1111</password><level>2</level></user><user><username>qwea</username><password>qwea</password><level>1</level></user><user><username>qqqqqq</username><password>qqqq</password><level>1</level></user><user><username>qqqqa</username><password>qqqqq</password><level>1</level></user><user><username>qqqqaq</username><password>qqqqq</password><level>1</level></user><user><username>qqqq</username><password>aaaa</password><level>1</level></user></Users>
