{"items":[{"x":435,"y":204,"width":106,"height":41,"name":"","src":"resources/SvgHvac/dampers/damperH1.png","itype":"0","zindex":"4","isLinkDataBase":false,"ratate":"none"},{"x":345,"y":267,"width":47,"height":99,"name":"","src":"resources/SvgHvac/dampers/damperV1.png","itype":"0","zindex":"4","isLinkDataBase":false,"ratate":"none"},{"x":64,"y":238,"width":76,"height":111,"name":"","src":"resources/SvgHvac/ducts/hlendHole.png","itype":"0","zindex":"2","isLinkDataBase":false,"ratate":"none"},{"x":139,"y":243,"width":75,"height":112,"name":"","src":"resources/SvgHvac/ducts/hmid.png","itype":"0","zindex":"2","isLinkDataBase":false,"ratate":"none"},{"x":1220,"y":346,"width":37,"height":106,"name":"","src":"resources/SvgHvac/ducts/hrendGrate.png","itype":"0","zindex":"2","isLinkDataBase":false,"ratate":"none"},{"x":433,"y":47,"width":111,"height":56,"name":"","src":"resources/SvgHvac/ducts/vtend.png","itype":"0","zindex":"2","isLinkDataBase":false,"ratate":"none"},{"x":433,"y":175,"width":111,"height":75,"name":"","src":"resources/SvgHvac/ducts/vmid.png","itype":"0","zindex":"2","isLinkDataBase":false,"ratate":"none"},{"x":433,"y":249,"width":150,"height":142,"name":"","src":"resources/SvgHvac/ducts/tnorth.png","itype":"0","zindex":"2","isLinkDataBase":false,"ratate":"none"},{"x":970,"y":350,"width":84,"height":57,"name":"","src":"resources/SvgHvac/equipment/fanRightTrue.gif","itype":"0","zindex":"4","isLinkDataBase":false,"ratate":"none"},{"x":952,"y":319,"width":122,"height":119,"name":"","src":"resources/SvgHvac/equipment/fanRightFalse.png","itype":"0","zindex":"3","isLinkDataBase":false,"ratate":"none"},{"x":1104,"y":385,"width":113,"height":37,"name":"","src":"resources/SvgHvac/misc/cPipeArrowRight.png","itype":"0","zindex":"4","isLinkDataBase":false,"ratate":"none"},{"x":481,"y":106,"width":32,"height":85,"name":"","src":"resources/SvgHvac/misc/cArrowDown.png","itype":"0","zindex":"4","isLinkDataBase":false,"ratate":"none"},{"x":179,"y":182,"width":20,"height":30,"name":"","src":"resources/SvgHvac/misc/pipeArrowDown.png","itype":"0","zindex":"2","isLinkDataBase":false,"ratate":"none"},{"x":214,"y":250,"width":75,"height":112,"name":"","src":"resources/SvgHvac/ducts/hmid.png","itype":"0","zindex":"2","isLinkDataBase":false,"ratate":"none"},{"x":360,"y":264,"width":75,"height":112,"name":"","src":"resources/SvgHvac/ducts/hmid.png","itype":"0","zindex":"2","isLinkDataBase":false,"ratate":"none"},{"x":288,"y":257,"width":75,"height":112,"name":"","src":"resources/SvgHvac/ducts/hmid.png","itype":"0","zindex":"2","isLinkDataBase":false,"ratate":"none"},{"x":433,"y":102,"width":111,"height":75,"name":"","src":"resources/SvgHvac/ducts/vmid.png","itype":"0","zindex":"2","isLinkDataBase":false,"ratate":"none"},{"x":581,"y":286,"width":75,"height":112,"name":"","src":"resources/SvgHvac/ducts/hmid.png","itype":"0","zindex":"2","isLinkDataBase":false,"ratate":"none"},{"x":655,"y":293,"width":75,"height":112,"name":"","src":"resources/SvgHvac/ducts/hmid.png","itype":"0","zindex":"2","isLinkDataBase":false,"ratate":"none"},{"x":878,"y":314,"width":75,"height":112,"name":"","src":"resources/SvgHvac/ducts/hmid.png","itype":"0","zindex":"2","isLinkDataBase":false,"ratate":"none"},{"x":803,"y":307,"width":75,"height":112,"name":"","src":"resources/SvgHvac/ducts/hmid.png","itype":"0","zindex":"2","isLinkDataBase":false,"ratate":"none"},{"x":728,"y":300,"width":75,"height":112,"name":"","src":"resources/SvgHvac/ducts/hmid.png","itype":"0","zindex":"2","isLinkDataBase":false,"ratate":"none"},{"x":563,"y":290,"width":45,"height":98,"name":"","src":"resources/SvgHvac/coils/filterV_5.png","itype":"0","zindex":"4","isLinkDataBase":false,"ratate":"none"},{"x":640,"y":292,"width":62,"height":112,"name":"","src":"resources/SvgHvac/coils/coolingCoilv2wTrueBack.png","itype":"0","zindex":"4","isLinkDataBase":false,"ratate":"none"},{"x":742,"y":300,"width":50,"height":112,"name":"","src":"resources/SvgHvac/coils/electricHeatingCoilFalse.png","itype":"0","zindex":"4","isLinkDataBase":false,"ratate":"none"},{"x":814,"y":317,"width":55,"height":90,"name":"","src":"resources/SvgHvac/devices/humidifierTrue.gif","itype":"0","zindex":"4","isLinkDataBase":false,"ratate":"none"},{"x":1071,"y":332,"width":75,"height":112,"name":"","src":"resources/SvgHvac/ducts/hmid.png","itype":"0","zindex":"2","isLinkDataBase":false,"ratate":"none"},{"x":1146,"y":339,"width":75,"height":112,"name":"","src":"resources/SvgHvac/ducts/hmid.png","itype":"0","zindex":"2","isLinkDataBase":false,"ratate":"none"},{"x":137,"y":288,"width":113,"height":37,"name":"","src":"resources/SvgHvac/misc/cPipeArrowRight.png","itype":"0","zindex":"4","isLinkDataBase":false,"ratate":"none"},{"x":177,"y":213,"width":25,"height":80,"name":"","src":"resources/SvgHvac/devices/tempSensorTop.gif","itype":"0","zindex":"2","isLinkDataBase":false,"ratate":"none"},{"x":495,"y":151,"width":80,"height":25,"name":"","src":"resources/SvgHvac/devices/tempSensorLeft.gif","itype":"0","zindex":"2","isLinkDataBase":false,"ratate":180},{"x":612,"y":71,"width":63,"height":20,"itype":4,"zindex":"20","fontColor":"#ffffff","font":"","boxShadow":"0px 0px 0px #ffffff","fontPostion":0,"background":"","name":"","text":"\u56de\u98ce\u6e29\u5ea6"},{"x":612,"y":94,"width":63,"height":20,"itype":4,"zindex":"20","fontColor":"#ffffff","font":"","boxShadow":"0px 0px 0px #ffffff","fontPostion":0,"background":"","name":"","text":"\u56de\u98ce\u6e7f\u5ea6"},{"x":612,"y":117,"width":63,"height":20,"itype":4,"zindex":"20","fontColor":"#ffffff","font":"","boxShadow":"0px 0px 0px #ffffff","fontPostion":0,"background":"","name":"","text":"\u56de\u98ce\u98ce\u901f"},{"x":612,"y":141,"width":63,"height":36,"itype":4,"zindex":"20","fontColor":"#ffffff","font":"","boxShadow":"0px 0px 0px #ffffff","fontPostion":0,"background":"","name":"","text":"\u56de\u98ce\u4e8c\u6c27\u5316\u78b3\u6d53\u5ea6"},{"x":572,"y":158,"width":34,"height":20,"name":"","src":"resources/SvgHvac/misc/pipeArrowLeft.png","itype":"0","zindex":"2","isLinkDataBase":false,"ratate":"none"},{"x":179,"y":75,"width":63,"height":20,"itype":4,"zindex":"20","fontColor":"#ffffff","font":"","boxShadow":"0px 0px 0px #ffffff","fontPostion":0,"background":"","name":"","text":"\u65b0\u98ce\u6e29\u5ea6"},{"x":178,"y":98,"width":63,"height":20,"itype":4,"zindex":"20","fontColor":"#ffffff","font":"","boxShadow":"0px 0px 0px #ffffff","fontPostion":0,"background":"","name":"","text":"\u65b0\u98ce\u6e7f\u5ea6"},{"x":179,"y":119,"width":63,"height":20,"itype":4,"zindex":"20","fontColor":"#ffffff","font":"","boxShadow":"0px 0px 0px #ffffff","fontPostion":0,"background":"","name":"","text":"\u65b0\u98ce\u98ce\u901f"},{"x":179,"y":142,"width":63,"height":36,"itype":4,"zindex":"20","fontColor":"#ffffff","font":"","boxShadow":"0px 0px 0px #ffffff","fontPostion":0,"background":"","name":"","text":"\u65b0\u98ce\u4e8c\u6c27\u5316\u78b3\u6d53\u5ea6"},{"x":1154,"y":317,"width":25,"height":80,"name":"","src":"resources/SvgHvac/devices/tempSensorTop.gif","itype":"0","zindex":"2","isLinkDataBase":false,"ratate":"none"},{"x":1155,"y":285,"width":20,"height":30,"name":"","src":"resources/SvgHvac/misc/pipeArrowDown.png","itype":"0","zindex":"2","isLinkDataBase":false,"ratate":"none"},{"x":1154,"y":202,"width":63,"height":20,"itype":4,"zindex":"20","fontColor":"#ffffff","font":"","boxShadow":"0px 0px 0px #ffffff","fontPostion":0,"background":"","name":"","text":"\u9001\u98ce\u538b\u529b"},{"x":1154,"y":222,"width":63,"height":20,"itype":4,"zindex":"20","fontColor":"#ffffff","font":"","boxShadow":"0px 0px 0px #ffffff","fontPostion":0,"background":"","name":"","text":"\u9001\u98ce\u98ce\u901f"},{"x":1154,"y":183,"width":63,"height":20,"itype":4,"zindex":"20","fontColor":"#ffffff","font":"","boxShadow":"0px 0px 0px #ffffff","fontPostion":0,"background":"","name":"","text":"\u9001\u98ce\u6e7f\u5ea6"},{"x":1154,"y":243,"width":63,"height":36,"itype":4,"zindex":"20","fontColor":"#ffffff","font":"","boxShadow":"0px 0px 0px #ffffff","fontPostion":0,"background":"","name":"","text":"\u9001\u98ce\u4e8c\u6c27\u5316\u78b3\u6d53\u5ea6"},{"x":1153,"y":164,"width":63,"height":20,"itype":4,"zindex":"20","fontColor":"#ffffff","font":"","boxShadow":"0px 0px 0px #ffffff","fontPostion":0,"background":"","name":"","text":"\u9001\u98ce\u6e29\u5ea6"},{"x":543,"y":216,"width":34,"height":20,"name":"","src":"resources/SvgHvac/misc/pipeArrowLeft.png","itype":"0","zindex":"2","isLinkDataBase":false,"ratate":"none"},{"x":365,"y":229,"width":20,"height":30,"name":"","src":"resources/SvgHvac/misc/pipeArrowDown.png","itype":"0","zindex":"2","isLinkDataBase":false,"ratate":"none"},{"x":583,"y":217,"width":85,"height":20,"itype":4,"zindex":"20","fontColor":"#ffffff","font":"","boxShadow":"0px 0px 0px #ffffff","fontPostion":0,"background":"","name":"","text":"\u56de\u98ce\u9600\u8c03\u8282"},{"x":333,"y":187,"width":85,"height":20,"itype":4,"zindex":"20","fontColor":"#ffffff","font":"","boxShadow":"0px 0px 0px #ffffff","fontPostion":0,"background":"","name":"","text":"\u56de\u98ce\u9600\u8c03\u8282"},{"x":558,"y":7,"width":228,"height":33,"itype":4,"zindex":"6","fontColor":"#3366ff","font":"normal normal normal 25px normal","fontSize":25,"boxShadow":"0px 0px 0px #8a6363","fontPostion":2,"background":"","name":"","text":"\u7ec4\u5408\u5f0f\u7a7a\u8c03\u673a\u7ec41"},{"x":968,"y":442,"width":105,"height":26,"itype":4,"zindex":"20","fontColor":"#ff99cc","font":"normal normal normal 20px normal","fontStyle":"normal","fontWeight":"normal","fontSize":20,"fontFamily":"normal","boxShadow":"0px 0px 0px #ffffff","fontPostion":0,"background":"","name":"","text":"\u98ce\u673a\u4fe1\u606f"},{"x":965,"y":472,"width":63,"height":20,"itype":4,"zindex":"20","fontColor":"#ffffff","font":"","boxShadow":"0px 0px 0px #ffffff","fontPostion":0,"background":"","name":"","text":"\u8fd0\u884c\u72b6\u6001"},{"x":964,"y":491,"width":63,"height":20,"itype":4,"zindex":"20","fontColor":"#ffffff","font":"","boxShadow":"0px 0px 0px #ffffff","fontPostion":0,"background":"","name":"","text":"\u6545\u969c\u62a5\u8b66"},{"x":965,"y":511,"width":63,"height":20,"itype":4,"zindex":"20","fontColor":"#ffffff","font":"","boxShadow":"0px 0px 0px #ffffff","fontPostion":0,"background":"","name":"","text":"\u624b\u3001\u81ea\u52a8"},{"x":535,"y":240,"width":139,"height":20,"itype":4,"zindex":"20","fontColor":"#ffffff","font":"","boxShadow":"0px 0px 0px #ffffff","fontPostion":0,"background":"","name":"","text":"\u521d\u6548\u7387\u7f51\u538b\u5dee\u62a5\u8b66"},{"x":669,"y":241,"width":69,"height":20,"itype":4,"zindex":"20","fontColor":"#ffffff","font":"","boxShadow":"0px 0px 0px #ffffff","fontPostion":0,"background":"","name":"","text":"\u9632\u51bb\u62a5\u8b66"},{"x":965,"y":531,"width":63,"height":20,"itype":4,"zindex":"20","fontColor":"#ffffff","font":"","boxShadow":"0px 0px 0px #ffffff","fontPostion":0,"background":"","name":"","text":"\u542f\u505c\u63a7\u5236"},{"x":605,"y":413,"width":105,"height":26,"itype":4,"zindex":"20","fontColor":"#ff99cc","font":"normal normal normal 20px normal","fontStyle":"normal","fontWeight":"normal","fontSize":20,"fontFamily":"normal","boxShadow":"0px 0px 0px #ffffff","fontPostion":0,"background":"","name":"","text":"\u76d8\u7ba1\u4fe1\u606f"},{"x":579,"y":440,"width":63,"height":20,"itype":4,"zindex":"20","fontColor":"#ffffff","font":"","boxShadow":"0px 0px 0px #ffffff","fontPostion":0,"background":"","name":"","text":"\u5f00\u5ea6"},{"x":578,"y":460,"width":63,"height":20,"itype":4,"zindex":"20","fontColor":"#ffffff","font":"","boxShadow":"0px 0px 0px #ffffff","fontPostion":0,"background":"","name":"","text":"\u53cd\u9988"},{"x":579,"y":481,"width":63,"height":20,"itype":4,"zindex":"20","fontColor":"#ffffff","font":"","boxShadow":"0px 0px 0px #ffffff","fontPostion":0,"background":"","name":"","text":"\u56de\u6c34\u6e29\u5ea6"},{"x":579,"y":500,"width":63,"height":20,"itype":4,"zindex":"20","fontColor":"#ffffff","font":"","boxShadow":"0px 0px 0px #ffffff","fontPostion":0,"background":"","name":"","text":"\u56de\u6c34\u6d41\u91cf"},{"x":578,"y":539,"width":63,"height":20,"itype":4,"zindex":"20","fontColor":"#ffffff","font":"","boxShadow":"0px 0px 0px #ffffff","fontPostion":0,"background":"","name":"","text":"\u4f9b\u6c34\u538b\u529b"},{"x":579,"y":519,"width":63,"height":20,"itype":4,"zindex":"20","fontColor":"#ffffff","font":"","boxShadow":"0px 0px 0px #ffffff","fontPostion":0,"background":"","name":"","text":"\u4f9b\u6c34\u6e29\u5ea6"},{"x":1476,"y":718,"width":64,"height":16,"itype":13,"zindex":"20","fontColor":"#ffffff","font":"","boxShadow":"0px 0px 0px #551212","fontPostion":0,"background":"","name":""},{"x":1221,"y":-1,"width":322,"height":148,"name":"","src":"resources/SvgHvac/SmartIO.png","itype":"0","zindex":"2","isLinkDataBase":false,"ratate":"none"},{"x":155,"y":416,"width":100,"height":100,"isBind":"on","itype":3,"linkValue":"untitled","zindex":"15","fontColor":"#ffffff","font":"","boxShadow":"1px 1px 1px #FFFFFF","fontPostion":40,"background":"","name":"","aliasName":""}],"width":1546,"height":785,"bodyColor":"rgb(35, 45, 56)"}